面没合档,面没合档,面没合档,面没合档,面没合档,面没合档,面没合档,面没合档,面没合档,面没合档,面没合档,面没合档,面没合档,面没合档,,,,,,,,,,,,,,,,,,,,,,,,,,,,
没林惑寸备,没林辑盔备,没林蕊傣备,没林没盔备,面林矫,力玫矫,焊篮焙,苛玫焙,康悼焙,刘乞焙,柳玫焙,鲍魂焙,澜己焙,窜剧焙,,,,,,,,,,,,,,,,,,,,,,,,,,,,
-,-,77.7,-,83.3,-,-,-,-,-,-,-,-,-,,,,,,,,,,,,,,,,,,,,,,,,,,,,
-,-,-,97.8,77.5,-,-,-,-,-,-,-,-,-,,,,,,,,,,,,,,,,,,,,,,,,,,,,
89.6,-,-,97.4,77.3,-,-,-,-,-,-,-,-,-,,,,,,,,,,,,,,,,,,,,,,,,,,,,
-,-,-,65.1,-,-,-,-,-,-,-,-,-,-,,,,,,,,,,,,,,,,,,,,,,,,,,,,
-,-,-,75.4,-,-,-,-,-,-,-,-,-,-,,,,,,,,,,,,,,,,,,,,,,,,,,,,
-,-,-,-,-,-,-,-,-,-,-,-,-,-,,,,,,,,,,,,,,,,,,,,,,,,,,,,
-,-,-,-,-,-,-,-,-,-,-,-,-,-,,,,,,,,,,,,,,,,,,,,,,,,,,,,
-,-,-,-,-,-,-,-,-,-,-,-,-,-,,,,,,,,,,,,,,,,,,,,,,,,,,,,
-,-,-,-,-,-,-,-,-,-,-,-,-,-,,,,,,,,,,,,,,,,,,,,,,,,,,,,
-,-,-,-,-,-,-,-,-,-,-,-,-,-,,,,,,,,,,,,,,,,,,,,,,,,,,,,
