堡林堡开矫,堡林堡开矫,堡林堡开矫,堡林堡开矫,堡林堡开矫,,,,,,,,,,,,,,,,,,,,,,,,,,,,,,,,,,,,,
悼备,辑备,巢备,合备,堡魂备,,,,,,,,,,,,,,,,,,,,,,,,,,,,,,,,,,,,,
-,-,-,-,66,,,,,,,,,,,,,,,,,,,,,,,,,,,,,,,,,,,,,
-,-,-,-,-,,,,,,,,,,,,,,,,,,,,,,,,,,,,,,,,,,,,,
-,-,-,-,44.9,,,,,,,,,,,,,,,,,,,,,,,,,,,,,,,,,,,,,
-,-,-,-,64.9,,,,,,,,,,,,,,,,,,,,,,,,,,,,,,,,,,,,,
-,-,-,-,64.2,,,,,,,,,,,,,,,,,,,,,,,,,,,,,,,,,,,,,
-,-,-,-,66.6,,,,,,,,,,,,,,,,,,,,,,,,,,,,,,,,,,,,,
-,-,-,-,64.7,,,,,,,,,,,,,,,,,,,,,,,,,,,,,,,,,,,,,
-,-,-,-,65.3,,,,,,,,,,,,,,,,,,,,,,,,,,,,,,,,,,,,,
-,-,-,-,65.3,,,,,,,,,,,,,,,,,,,,,,,,,,,,,,,,,,,,,
-,-,-,-,60.9,,,,,,,,,,,,,,,,,,,,,,,,,,,,,,,,,,,,,
